{
  "interactionModel": {
    "languageModel": {
      "intents": [
        {
          "slots": [
            {
              "name": "station",
              "type": "RADIO_STATION"
            }
          ],
          "name": "PlayRadioIntent",
          "samples": [
            "play {station}",
            "{station}",
            "start {station}",
            "listen to {station}",
            "put on {station}"
          ]
        },
        {
          "slots": [],
          "name": "ListRadioIntent",
          "samples": [
            "list all radios",
            "list radios",
            "what radios",
            "show radios"
          ]
        },
        {
          "name": "AMAZON.PauseIntent",
          "samples": []
        },
        {
          "name": "AMAZON.ResumeIntent",
          "samples": []
        },
        {
          "name": "AMAZON.CancelIntent",
          "samples": []
        },
        {
          "name": "AMAZON.StopIntent",
          "samples": []
        },
        {
          "name": "AMAZON.HelpIntent",
          "samples": []
        }
      ],
      "types": [
        {
          "values": [
            {
              "name": {
                "synonyms": [
                  "1",
                  "number one",
                  "number 1"
                ],
                "value": "one"
              },
              "id": "1"
            },
            {
              "name": {
                "synonyms": [
                  "2",
                  "number two",
                  "number 2"
                ],
                "value": "two"
              },
              "id": "2"
            },
            {
              "name": {
                "synonyms": [
                  "3",
                  "number three",
                  "number 3"
                ],
                "value": "three"
              },
              "id": "3"
            },
            {
              "name": {
                "synonyms": [
                  "ga ga",
                  "radio gaga"
                ],
                "value": "gaga"
              },
              "id": "gaga"
            },
            {
              "name": {
                "synonyms": [
                  "infostart"
                ],
                "value": "info"
              },
              "id": "info"
            },
            {
              "name": {
                "synonyms": [
                  "radio one",
                  "radio 1"
                ],
                "value": "radioone"
              },
              "id": "radio1"
            },
            {
              "name": {
                "value": "petofi"
              },
              "id": "petofi"
            },
            {
              "name": {
                "synonyms": [
                  "radio eighty eight",
                  "radio 88"
                ],
                "value": "radioeightyeight"
              },
              "id": "radio88"
            },
            {
              "name": {
                "synonyms": [
                  "club"
                ],
                "value": "klub"
              },
              "id": "klub"
            },
            {
              "name": {
                "synonyms": [
                  "radio seven",
                  "radio 7"
                ],
                "value": "radioseven"
              },
              "id": "radio7"
            },
            {
              "name": {
                "value": "mulatos"
              },
              "id": "mulatos"
            },
            {
              "name": {
                "synonyms": [
                  "coco"
                ],
                "value": "koko"
              },
              "id": "koko"
            },
            {
              "name": {
                "value": "paprika"
              },
              "id": "paprika"
            },
            {
              "name": {
                "value": "retro"
              },
              "id": "retro"
            }
          ],
          "name": "RADIO_STATION"
        }
      ],
      "invocationName": "my player"
    }
  }
}