{
  "manifest": {
    "apis": {
      "custom": {
        "endpoint": {
          "uri": "arn:aws:lambda:us-east-1:798831116832:function:3cf26c58-cdb0-4f92-901f-7f3df5584a00:Release_0"
        },
        "interfaces": [
          {
            "type": "AUDIO_PLAYER"
          }
        ],
        "locales": {},
        "regions": {
          "EU": {
            "endpoint": {
              "uri": "arn:aws:lambda:eu-west-1:798831116832:function:3cf26c58-cdb0-4f92-901f-7f3df5584a00:Release_0"
            }
          },
          "NA": {
            "endpoint": {
              "uri": "arn:aws:lambda:us-east-1:798831116832:function:3cf26c58-cdb0-4f92-901f-7f3df5584a00:Release_0"
            }
          },
          "FE": {
            "endpoint": {
              "uri": "arn:aws:lambda:us-west-2:798831116832:function:3cf26c58-cdb0-4f92-901f-7f3df5584a00:Release_0"
            }
          }
        }
      }
    },
    "manifestVersion": "1.0",
    "permissions": [
      {
        "name": "alexa::devices:all:address:full:read"
      },
      {
        "name": "alexa::profile:name:read"
      }
    ],
    "publishingInformation": {
      "automaticClonedLocale": {
        "locales": [
          {
            "source": "en-US",
            "targets": [
              "en-GB"
            ]
          }
        ]
      },
      "distributionCountries": [],
      "isAvailableWorldwide": true,
      "locales": {
        "en-US": {
          "description": "Sample Full Description",
          "examplePhrases": [
            "Alexa open hello world",
            "hello",
            "help"
          ],
          "keywords": [],
          "name": "Radio Player",
          "summary": "Sample Short Description"
        },
        "en-GB": {
          "description": "Sample Full Description",
          "examplePhrases": [
            "Alexa open hello world",
            "hello",
            "help"
          ],
          "keywords": [],
          "name": "Radio Player",
          "summary": "Sample Short Description"
        }
      },
      "testingInstructions": "Sample Testing Instructions."
    }
  }
}